model,customer_type_name,mae,rmse
Linear regression,RP,2.2514710548502523,3.1612428704894544
Linear regression,RS,2.2354857646222364,3.349623951394268
Random forest,RP,2.1217721390759388,3.134528600235768
Random forest,RS,2.200095208295652,3.376167718543407
Seasonal naive,RP,3.30680513381958,4.803708852948572
Seasonal naive,RS,3.4319872856140137,5.2411453416393154
