model,mae,rmse
Random forest,2.132867907215398,3.1698809219093396
Linear regression,2.2492064720679505,3.1886069170152793
Seasonal naive,3.3245391845703125,4.86806934383155
