customer_type,is_weekend,daily_mean_real,daily_mean_synth,daily_std_real,daily_std_synth,profile_rmse,customer_type_name
0,False,16.11484179633587,17.39568247795105,11.818255298537405,11.5298500586706,0.0011351511888325217,RP
0,True,17.301974795428826,21.14678087234497,12.695520955145659,12.796763785288643,0.0011069392932520667,RP
1,False,12.542544000117058,12.052397282918294,11.308287420819802,10.092673556562008,0.0010800401283165397,RS
1,True,13.323605094547935,12.076414128144583,12.089697327921403,10.539358810864934,0.0012795099757478587,RS
